<?xml version="1.0" encoding="UTF-8"?>
<project-private xmlns="http://www.netbeans.org/ns/project-private/1">
    <editor-bookmarks xmlns="http://www.netbeans.org/ns/editor-bookmarks/2" lastBookmarkId="0"/>
    <open-files xmlns="http://www.netbeans.org/ns/projectui-open-files/2">
        <group>
            <file>file:/C:/Users/snipi/Documents/NetBeansProjects/COMP611_Currency_Assignment/src/Currency_Exchange/Exchange.java</file>
            <file>file:/C:/Users/snipi/Documents/NetBeansProjects/COMP611_Currency_Assignment/src/Currency_Exchange/NegativeGraph.java</file>
            <file>file:/C:/Users/snipi/Documents/NetBeansProjects/COMP611_Currency_Assignment/src/Currency_Exchange/ExchangeRates.java</file>
            <file>file:/C:/Users/snipi/Documents/NetBeansProjects/COMP611_Currency_Assignment/src/Currency_Exchange/Shapes.java</file>
            <file>file:/C:/Users/snipi/Documents/NetBeansProjects/COMP611_Currency_Assignment/src/Currency_Exchange/CurrencyGraph.java</file>
            <file>file:/C:/Users/snipi/Documents/NetBeansProjects/COMP611_Currency_Assignment/src/Currency_Exchange/BellmanFord.java</file>
            <file>file:/C:/Users/snipi/Documents/NetBeansProjects/COMP611_Currency_Assignment/src/Currency_Exchange/BFTest.java</file>
            <file>file:/C:/Users/snipi/Documents/NetBeansProjects/COMP611_Currency_Assignment/src/Currency_Exchange/ArbitrageOppFinder.java</file>
        </group>
    </open-files>
</project-private>
